course_id,course_title,course_url,course_instructor,course_rating,course_duration,course_details,course_level,course_no_of_reviews,course_no_of_enrolled
ps_1,Web Development: Executive Briefing,https://www.pluralsight.com/courses/web-development-executive-briefing,Brice Wilson,4.6,0.5005555555555555,,1,158,
ps_2,Front End Web Development: Get Started,https://www.pluralsight.com/courses/front-end-web-development-get-started,Joe Eames,4.6,3.7991666666666664,,1,1250,
ps_3,Beyond ASP.NET MVC: Modern Web Development Demystified,https://www.pluralsight.com/courses/beyond-aspdotnet-web-development-demystified,Chris Jones,4.6,1.8425000000000002,,1,75,
ps_4,Tactics and Tools for Troubleshooting Front-end Web Development,https://www.pluralsight.com/courses/tactics-tools-troubleshooting-front-end-web-development,Shelley Benhoff,3.7,1.6258333333333335,,2,54,
ps_5,Developing Web Applications and Web APIs Protected by Azure Active Directory,https://www.pluralsight.com/courses/developing-web-applications-apis-protected-azure-active-directory,Sahil Malik,4.1,2.4472222222222224,,2,59,
ps_6,Tracking Real World Web Performance,https://www.pluralsight.com/courses/web-performance-tracking,Nik Molnar,4.6,1.6258333333333335,,1,145,
ps_7,Hands On Responsive Web Design,https://www.pluralsight.com/courses/hands-on-responsive-web-design,Paul Cheney,4.6,4.370277777777777,,1,357,
ps_8,Progressive Web Apps: The Big Picture,https://www.pluralsight.com/courses/progressive-web-apps-big-picture,Maximiliano Firtman,4.4,1.6772222222222222,,1,95,
ps_9,Responsive Web Images,https://www.pluralsight.com/courses/responsive-web-images,Robert Boedigheimer,4.7,1.9174999999999998,,1,35,
ps_10,Web Development with ExpressJS,https://www.pluralsight.com/courses/expressjs,Hadi Hariri,4.5,2.2480555555555557,,2,664,
ps_11,Testing Web Applications with CodedUI,https://www.pluralsight.com/courses/codedui-testing-web-applications,Marcel de Vries,4.4,3.793611111111111,,2,152,
ps_12,Developing Websites for Accessibility: Getting Started,https://www.pluralsight.com/courses/developing-websites-accessibility-getting-started,Brian Treese,4.8,2.411111111111111,,1,85,
ps_13,Java Application Development with Tomcat 9,https://www.pluralsight.com/courses/java-application-development-tomcat,Richard Monson-Haefel,4.4,2.027222222222222,,2,56,
ps_14,Advanced Web Application Penetration Testing with Burp Suite,https://www.pluralsight.com/courses/advanced-web-application-penetration-testing-burp-suite,Dr. Sunny Wear,4.2,1.8177777777777777,,3,54,
ps_15,Microsoft Azure Developer: Developing for Autoscaling,https://www.pluralsight.com/courses/microsoft-azure-autoscaling-developing,Nikola Milanovic,4.5,1.7341666666666666,,3,57,
ps_16,Full Stack Web Development with Python (WEB2PY),https://www.pluralsight.com/courses/full-stack-web-development-python-web2py,Terry Toy,4.5,3.0430555555555556,,1,172,
ps_17,Building Go Web Services and Applications,https://www.pluralsight.com/courses/go-building-web-services-applications0,Josh Duffney,3.7,3.209166666666667,,2,15,
ps_18,Web Development with HTML & CSS: The Big Picture,https://www.pluralsight.com/courses/html-css-web-development-big-picture,Barry Luijbregts,,1.4244444444444446,,1,,
ps_19,Seminar: Getting Started with a Career in Web Development,https://www.pluralsight.com/courses/seminar-getting-started-web-development,Dan Wahlin,,7.448333333333333,,1,,
ps_20,PHP 8 Web Application Security,https://www.pluralsight.com/courses/php-web-application-security,Christian Wenz,4.7,5.331666666666666,,2,50,
ps_21,Rebuilding Web Forms Applications in MVC,https://www.pluralsight.com/courses/rebuilding-web-forms-applications-mvc,Alex Wolf,4.6,3.8291666666666666,,2,225,
ps_22,Python Desktop Application Development,https://www.pluralsight.com/courses/python-desktop-application-development,Bo Milanovich,4.5,1.7166666666666668,,1,522,
ps_23,Kubernetes for Developers: Deploying Your Code,https://www.pluralsight.com/courses/kubernetes-developers-deploying-code,Dan Wahlin,4.8,3.0766666666666667,,2,153,
ps_24,Developing Applications on Ethereum Blockchain,https://www.pluralsight.com/courses/blockchain-ethereum-developing-applications,Ivan Mushketyk,5.0,5.809166666666666,,2,35,
ps_25,RESTful Web Services with Node.js and Express,https://www.pluralsight.com/courses/node-js-express-rest-web-services-update,Jonathan Mills,4.5,2.0455555555555556,,2,251,
ps_26,ASP.NET Core Web API Fundamentals,https://www.pluralsight.com/courses/asp-dot-net-core-6-web-api-fundamentals,Kevin Dockx,4.9,8.57,,1,825,
ps_27,Practical CouchDB for Developers,https://www.pluralsight.com/courses/practical-couchdb-developers,Abhishek Kant,4.1,5.578055555555555,,2,59,
ps_28,Developing Extensible Software,https://www.pluralsight.com/courses/developing-extensible-software,Miguel Castro,4.7,3.7741666666666664,,2,523,
ps_29,Setting up a Java Development Environment,https://www.pluralsight.com/courses/setting-up-java-development-environment,Sander Mak,4.7,0.8494444444444444,,1,285,
ps_30,Developing Models in Microsoft Azure,https://www.pluralsight.com/courses/microsoft-azure-developing-models,Saravanan Dhandapani,4.4,1.9319444444444442,,2,15,
ps_31,MSIL for the C# 8 Developer,https://www.pluralsight.com/courses/msil-csharp-developer,Filip Ekberg,4.5,2.5869444444444447,,2,245,
ps_32,Cryptography Principles for IT Professionals and Developers,https://www.pluralsight.com/courses/cryptography-principles-it-professionals-developers,Michael Perry,4.7,3.3944444444444444,,2,55,
ps_33,Custom VBA Class Development,https://www.pluralsight.com/courses/custom-vba-class-development,Ken Getz,4.6,3.54,,2,53,
ps_34,Securing a JavaScript REST API with JSON Web Tokens,https://www.pluralsight.com/courses/securing-javascript-rest-api-json-web-tokens,Deeksha Sharma,3.3,1.4402777777777778,,2,58,
ps_35,Exam Alert: Develop for Azure Storage,https://www.pluralsight.com/courses/exam-alert-develop-azure-storage,David Tucker,4.9,0.3888888888888889,,2,54,
ps_36,ASP.NET Core Web API Deep Dive,https://www.pluralsight.com/courses/asp-dot-net-core-6-web-api-deep-dive,Kevin Dockx,4.9,9.105277777777777,,2,159,
ps_37,Webpack 1 Fundamentals,https://www.pluralsight.com/courses/webpack-fundamentals,Joe Eames,4.6,2.3930555555555557,,2,456,
ps_38,Implementing Web and Mobile Services on Microsoft Azure,https://www.pluralsight.com/courses/microsoft-azure-implementing-web-mobile-services-update,Mike Pfeiffer,4.7,3.934444444444445,,2,51,
ps_39,VoIP and Web Calls: Tips for Better Remote Communications,https://www.pluralsight.com/courses/voip-web-calls-better-remote-communication,Amber Israelsen,4.6,1.399722222222222,,1,65,
ps_40,User Experience Tips and Tricks for Developers,https://www.pluralsight.com/courses/ux-tips-tricks-developers,Amber Israelsen,4.8,2.915833333333333,,1,562,
ps_41,Developing a Team and Its Culture,https://www.pluralsight.com/courses/developing-team-culture,Tony Curtis,4.0,1.2991666666666666,,1,85,
ps_42,Getting Started With Elasticsearch for .NET Developers,https://www.pluralsight.com/courses/elasticsearch-for-dotnet-developers,JP Toto,4.5,1.9213888888888888,,1,651,
ps_43,AZ-204: Developing Solutions for Microsoft Azure,https://www.pluralsight.com/courses/az-204-developing-solutions-microsoft-azure,Amy Coughlin,2.7,4.220277777777778,,2,45,
ps_44,"Front-End Web Development Quick Start With HTML5, CSS, and JavaScript",https://www.pluralsight.com/courses/html5-javascript-css-front-end-web-app,Shawn Wildermuth,4.6,2.8561111111111113,,1,83,
ps_45,Docker for Web Developers,https://www.pluralsight.com/courses/docker-web-developers,Dan Wahlin,4.7,3.743611111111111,,1,23,
ps_46,Web Performance for Progressive Web Apps,https://www.pluralsight.com/courses/web-performance-progressive-web-apps,Yaser Mehraban,4.9,1.8836111111111111,,2,13,
ps_47,Developing an Asynchronous ASP.NET Core Web API,https://www.pluralsight.com/courses/asp-dot-net-core-6-web-api-developing-asynchronous,Kevin Dockx,4.9,3.7358333333333333,,3,110,
ps_48,Microsoft Azure Developer: Web Jobs,https://www.pluralsight.com/courses/microsoft-azure-web-jobs,Matt Milner,4.2,1.0958333333333332,,2,113,
ps_49,Progressive Web App Fundamentals,https://www.pluralsight.com/courses/progressive-web-app-fundamentals,Nik Molnar,4.4,2.9422222222222225,,2,81,
ps_50,Introduction to the Web,https://www.pluralsight.com/courses/introduction-web-2328,Susan Simkins,4.1,2.4897222222222224,,1,132,
ps_51,Progressive Web Apps: Sensor Integrations,https://www.pluralsight.com/courses/progressive-web-apps-sensor-integrations,Glen Smith,5.0,1.9347222222222222,,2,12,
ps_52,Deep Dive into Web Push Notifications,https://www.pluralsight.com/courses/web-push-notifications-deep-dive,Harit Himanshu,4.5,1.4083333333333332,,2,20,
ps_53,Building Web Applications with Node.js and Express,https://www.pluralsight.com/courses/nodejs-express-web-applications-building,Jonathan Mills,4.5,2.8511111111111114,,2,116,
ps_54,Designing Progressive Web Apps,https://www.pluralsight.com/courses/designing-progressive-web-apps,Maximiliano Firtman,4.7,2.054722222222222,,1,28,
ps_55,Making a Web Form Accessible,https://www.pluralsight.com/courses/web-form-accessible,Fiona Holder,4.9,1.7925,,2,77,
ps_56,Publishing Progressive Web Apps,https://www.pluralsight.com/courses/publishing-progressive-web-apps,Maximiliano Firtman,5.0,1.9627777777777777,,2,11,
ps_57,Getting Started with Progressive Web Apps,https://www.pluralsight.com/courses/web-apps-progressive-getting-started,Bill Stavroulakis,4.5,1.9708333333333334,,2,82,
ps_58,Advanced Progressive Web Apps,https://www.pluralsight.com/courses/advanced-progressive-web-apps,Maximiliano Firtman,4.5,2.2963888888888886,,2,12,
ps_59,Copilot for Web,https://www.pluralsight.com/courses/copilot-web,Vlad Catrinescu,,1.436388888888889,,1,,
ps_60,Working with Audio and Video in Web Pages,https://www.pluralsight.com/courses/audio-video-in-web-pages,Shawn Wildermuth,4.7,1.0330555555555554,,2,73,
ps_61,Designing RESTful Web APIs,https://www.pluralsight.com/courses/restful-web-apis-designing,Shawn Wildermuth,,1.7838888888888889,,2,,
ps_62,Build Web Apps in Python with Streamlit 0.8,https://www.pluralsight.com/courses/build-web-apps-python-streamlit,Dan Tofan,4.9,2.0883333333333334,,1,34,
ps_63,Securing Java Web Application Data,https://www.pluralsight.com/courses/securing-java-web-application-data,Josh Cummings,3.5,2.6894444444444447,,2,42,
ps_64,Microsoft Azure Developer: Develop Message-based Solutions,https://www.pluralsight.com/courses/microsoft-azure-developer-develop-message-based-solutions,David Tucker,4.9,0.9327777777777777,,2,89,
ps_65,Designing RESTful Web APIs,https://www.pluralsight.com/courses/designing-restful-web-apis,Shawn Wildermuth,4.7,2.1130555555555555,,1,712,
ps_66,Microsoft Project for the Web Fundamentals,https://www.pluralsight.com/courses/microsoft-project-web-fundamentals,Ben Howard,4.7,1.996388888888889,,1,11,
ps_67,Provision and Configure Web Applications in SharePoint 2016,https://www.pluralsight.com/courses/provision-configure-web-applications-sharepoint-2016,Vlad Catrinescu,4.5,1.8061111111111112,,2,19,
ps_68,Creating Web Applications with Go,https://www.pluralsight.com/courses/creating-web-applications-go-update,Mike Van Sickle,4.5,4.804722222222222,,2,90,
ps_69,Building UIs with the Web Animations API,https://www.pluralsight.com/courses/web-animations-api-building-uis,Leon Revill,,2.690277777777778,,1,,
ps_70,Exploring Web Scraping with Python,https://www.pluralsight.com/courses/exploring-web-scraping-python,Clarke Bishop,4.2,1.5733333333333333,,1,128,
ps_71,WebAssembly: The Big Picture,https://www.pluralsight.com/courses/web-assembly-big-picture,Barry Luijbregts,4.2,0.7038888888888889,,1,178,
ps_72,Introduction to Developing Custom Components with ARIA 1,https://www.pluralsight.com/courses/introduction-developing-custom-components-aria,Gerard K. Cohen,4.9,1.4983333333333333,,1,23,
ps_73,HTML5 Web Component Fundamentals,https://www.pluralsight.com/courses/web-components-shadow-dom,Cory House,4.6,5.06,,1,487,
ps_74,Building Progressive Web Apps with Ionic 4,https://www.pluralsight.com/courses/progressive-web-apps-ionic,Michael Callaghan,4.4,3.160833333333333,,1,29,
ps_75,Implementing Serverless Web Application Hosting and Delivery on AWS,https://www.pluralsight.com/courses/implementing-serverless-web-application-hosting-delivery-aws,David Tucker,4.5,0.6597222222222222,,2,29,
ps_76,End-to-end Web Testing with TestCafe: Getting Started,https://www.pluralsight.com/courses/testcafe-end-to-end-web-testing-getting-started,Marques Woodson,3.7,1.2222222222222223,,1,26,
ps_77,Building a Web Application with JavaScript,https://www.pluralsight.com/courses/javascript-building-web-application,Steve Buchanan,3.2,1.9013888888888888,,2,14,
ps_78,Debugging Progressive Web Apps,https://www.pluralsight.com/courses/debugging-progressive-web-apps,Deeksha Sharma,,1.4341666666666666,,1,,
ps_79,Consuming Web APIs with TypeScript 5,https://www.pluralsight.com/courses/typescript-consuming-web-apis,Allen O'Neill,,3.649722222222222,,2,,
ps_80,Web Assembly Interaction with JavaScript,https://www.pluralsight.com/courses/javascript-web-assembly-interaction0,Jon Flanders,4.5,2.3505555555555557,,3,13,
ps_81,Architecting Web Applications with Spring,https://www.pluralsight.com/courses/architecting-web-applications-spring,Kevin Jones,3.9,1.9716666666666667,,2,132,
ps_82,Web Assembly Interaction with JavaScript,https://www.pluralsight.com/courses/javascript-web-assembly-interaction,Pluralsight,,2.3441666666666667,,3,,
ps_83,Real-time Web Applications,https://www.pluralsight.com/courses/real-time-web-applications,Bill Stavroulakis,4.1,1.0005555555555556,,2,262,
ps_84,Scan Web Applications with Bash,https://www.pluralsight.com/courses/bash-scan-web-applications,Ricardo Reimao,,0.7888888888888889,,2,,
ps_85,Testing Progressive Web Apps,https://www.pluralsight.com/courses/progressive-web-apps-testing,Kamran Ayub,,1.6477777777777778,,2,,
ps_86,Building Offline Web Apps with Service Worker,https://www.pluralsight.com/courses/building-offline-web-apps-service-worker,Nik Molnar,4.5,2.8877777777777776,,1,148,
ps_87,Creating Web Services with Go 1,https://www.pluralsight.com/courses/creating-web-services-go,Alex Schultz,4.2,2.5130555555555554,,2,103,
ps_88,Building Performant Progressive Web Apps from Scratch,https://www.pluralsight.com/courses/building-performant-progressive-web-apps-scratch,Jad Joubran,4.7,1.5780555555555555,,2,42,
ps_89,Web Scraping: Python Data Playbook,https://www.pluralsight.com/courses/web-scraping-python-data-playbook,Ian Ozsvald,4.5,1.2877777777777777,,1,47,
ps_90,Developing Your Personal Brand,https://www.pluralsight.com/courses/developing-killer-personal-brand,Jason Alba,4.4,2.6441666666666666,,2,340,
ps_91,Meeting Web Accessibility Guidelines (Section 508/ WCAG 2.1),https://www.pluralsight.com/courses/web-accessibility-meeting-guidelines?exp=3,Gerard K. Cohen,4.6,1.8688888888888888,,1,214,
ps_92,Meeting Web Accessibility Guidelines (Section 508/ WCAG 2.1),https://www.pluralsight.com/courses/web-accessibility-meeting-guidelines,Gerard K. Cohen,4.6,1.8688888888888888,,1,214,
ps_93,Developing with MySQL,https://www.pluralsight.com/courses/mysql-developing,Agaba Philip,,2.2888888888888888,,1,,
ps_94,Microsoft Azure Development for AWS Developers with Node.js,https://www.pluralsight.com/courses/microsoft-azure-development-aws-developers-nodejs,Jonathan Mills,,1.3833333333333333,,1,,
ps_95,Web Application Pen Testing with Python,https://www.pluralsight.com/courses/web-application-pentesting-python,Peter Mosmans,4.8,1.793611111111111,,2,11,
ps_96,Scraping Media from the Web with R,https://www.pluralsight.com/courses/scraping-media-web-r,Justin Flett,,0.9619444444444444,,2,,
ps_97,Scraping Media from the Web with Python,https://www.pluralsight.com/courses/scraping-media-web-python,Allen O'Neill,4.4,1.0719444444444444,,2,11,
ps_98,Web Mapping with OpenLayers 3,https://www.pluralsight.com/courses/open-layers-3-web-mapping,Jon Oxtoby,4.7,1.6230555555555557,,1,30,
ps_99,Best Practices for Responsive Web-forms,https://www.pluralsight.com/courses/responsive-web-forms-best-practices,Paul Cheney,4.6,1.172777777777778,,1,33,
ps_100,LangChain Development,https://www.pluralsight.com/courses/langchain-development,Tom Taulli,4.1,2.9233333333333333,,2,10,
ps_101,Microsoft Azure Developer: Develop Solutions with Cosmos DB Storage,https://www.pluralsight.com/courses/microsoft-azure-developer-develop-solutions-cosmos-db-storage,David Tucker,4.4,0.9416666666666667,,2,88,
ps_102,Hands-on Responsive Web Design 1: Media Queries & CSS Preprocessing,https://www.pluralsight.com/courses/responsive-web-design-media-queries-css-preprocessing,Paul Cheney,4.9,1.7933333333333332,,2,108,
ps_103,Ethical Hacking: Web Application Hacking,https://www.pluralsight.com/courses/web-application-hacking-ethical-hacking-ceh-cert,Peter Mosmans,4.4,1.6972222222222222,,2,27,
ps_104,Kubernetes for Developers: Core Concepts,https://www.pluralsight.com/courses/kubernetes-developers-core-concepts,Dan Wahlin,4.8,4.647777777777777,,1,737,
ps_105,Start Developing for Android,https://www.pluralsight.com/courses/android-start-developing,Chiu-Ki Chan,4.3,1.065,,1,646,
ps_106,RxJS in Angular: Reactive Development,https://www.pluralsight.com/courses/rxjs-angular-reactive-development,Deborah Kurata,4.9,4.573333333333333,,1,769,
ps_107,Building Ruby Web Apps with Rack 2,https://www.pluralsight.com/courses/ruby-building-web-apps-rack,Jason Clark,4.8,1.643888888888889,,2,22,
ps_108,Change Management: Developing the Plan,https://www.pluralsight.com/courses/developing-plan-change-management,Alice Meredith,4.5,1.7158333333333333,,2,27,
ps_109,Securing Your Node.js 5 Web App,https://www.pluralsight.com/courses/securing-node-js-web-app,Max McCarty,4.7,5.3711111111111105,,2,48,
ps_110,Web App Pen Testing: Reconnaissance,https://www.pluralsight.com/courses/web-app-pen-testing-reconnaissance,Tim Tomes,,1.2441666666666666,,2,,
ps_111,Web Layouts with Flexbox and Bootstrap 4,https://www.pluralsight.com/courses/web-layouts-flexbox-bootstrap-4,Jeff Batt,4.5,2.0094444444444446,,1,80,
ps_112,Big Data on Amazon Web Services,https://www.pluralsight.com/courses/big-data-amazon-web-services,Andrew Brust,4.4,3.9102777777777775,,2,181,
ps_113,Using IIS 10 as a Developer,https://www.pluralsight.com/courses/using-iis-developer,Chris Behrens,4.6,1.6183333333333334,,2,87,
ps_114,The Unsuspecting Beauty & Complexity of Web Forms,https://www.pluralsight.com/courses/pluralsight-live-2020-web-forms,Pluralsight LIVE,,0.455,,1,,
ps_115,Web App Pen Testing: Mapping,https://www.pluralsight.com/courses/web-app-pen-testing-mapping,Tim Tomes,,1.825,,2,,
ps_116,A Practical Guide to Vanilla Web Components,https://www.pluralsight.com/courses/vanilla-web-components-practical-guide,Leon Revill,4.4,2.167777777777778,,2,73,
ps_117,Web Crawling and Scraping Using Rcrawler,https://www.pluralsight.com/courses/web-crawling-and-scraping-using-rcrawler,Dan Tofan,,1.7358333333333333,,3,,
ps_118,AWS Developer: Lambda Deep Dive,https://www.pluralsight.com/courses/aws-developer-lambda-deep-dive,Dror Helper,3.9,3.311111111111111,,2,77,
ps_119,Getting Started with Android Development,https://www.pluralsight.com/courses/getting-started-android-development,Nate Ebel,3.6,1.5886111111111112,,1,36,
ps_120,Software Development Explained,https://www.pluralsight.com/courses/software-development-explained,Simon Allardice,4.8,0.9741666666666666,,1,14,
ps_121,Developing Faster with the Vue CLI,https://www.pluralsight.com/courses/vue-cli-developing-faster,John Papa,4.7,2.4355555555555557,,1,84,
ps_122,TensorFlow Developer Certificate - TensorFlow Developer Skills,https://www.pluralsight.com/courses/tensorflow-developer-certificate-skills,Dhiraj Kumar,,1.4786111111111113,,1,,
ps_123,Eclipse for Java 8 Developers,https://www.pluralsight.com/courses/eclipse-java-developers,Jose Paumard,4.5,3.388888888888889,,2,61,
ps_124,Developing Applications with AWS Lightsail,https://www.pluralsight.com/courses/developing-applications-aws-lightsail,Tom Compagno,4.6,1.1961111111111111,,2,18,
ps_125,Building Go Web Services and Applications,https://www.pluralsight.com/courses/go-building-web-services-applications,Josh Duffney,,3.310833333333333,,2,,
ps_126,AWS Developer: An Introduction to AWS Lambda,https://www.pluralsight.com/courses/aws-developer-introduction-aws-lambda,Fernando Medina Corey,4.3,3.933888888888889,,1,284,
ps_127,Managing New Product Development,https://www.pluralsight.com/courses/managing-new-product-development,Curtis Webb,4.5,0.7327777777777778,,2,13,
ps_128,Enhancing Web UIs with Parallax Scrolling,https://www.pluralsight.com/courses/parallax-scrolling-enhancing-web-uis,Anthony Harris,4.1,1.0044444444444445,,1,33,
ps_129,Tomcat 9 for Java Development,https://www.pluralsight.com/courses/tomcat-java-development,Richard Monson-Haefel,4.6,1.7200000000000002,,2,42,
ps_130,Web Application Analysis with Kali Linux,https://www.pluralsight.com/courses/kali-linux-web-application-analysis,Peter Mosmans,,1.0041666666666667,,1,,
ps_131,Developing Applications with AWS Rekognition,https://www.pluralsight.com/courses/aws-rekognition-developing-applications,Alan Jones,4.6,1.4580555555555554,,1,18,
ps_132,Web Attacks: Enumeration,https://www.pluralsight.com/labs/aws/web-attacks-enumeration,Lee Allen,4.6,1.6666666666666665,,1,10,
ps_133,Web Attacks: XSS,https://www.pluralsight.com/labs/aws/web-attacks-xss,Laurentiu Raducu,4.44,0.6666666666666666,,1,43,
ps_134,Getting Productive with SQL Developer,https://www.pluralsight.com/courses/gettingproductive-sql-developer,Pankaj Jain,4.1,4.923888888888889,,1,18,
ps_135,Outlook On The Web | Mail,https://www.pluralsight.com/courses/outlook-web,ClipTraining,,1.21,,1,,
ps_136,Architecting Scalable Web Applications with Firebase on the Google Cloud Platform,https://www.pluralsight.com/courses/google-cloud-platform-firebase-architecting-scalable-web-applications,Janani Ravi,4.0,1.8433333333333335,,3,13,
ps_137,Security Event Triage: Revealing Attacker Methodology in Web Application Events,https://www.pluralsight.com/courses/set-revealing-attacker-methodology-web-application-events,Aaron Rosenmund,4.6,2.1502777777777777,,3,11,
ps_138,Developing Java Apps with Docker,https://www.pluralsight.com/courses/java-apps-docker-developing-2023,Esteban Herrera,3.8,3.3658333333333332,,2,17,
ps_139,Outlook on the Web (2019),https://www.pluralsight.com/courses/outlook-web-2019,ClipTraining,,1.1005555555555557,,1,,
ps_140,Outlook (on the Web) | Calendar,https://www.pluralsight.com/courses/outlook-web-calendar,ClipTraining,,0.56,,1,,
ps_141,Outlook (on the Web) | Files,https://www.pluralsight.com/courses/outlook-web-files,ClipTraining,,0.14722222222222223,,1,,
ps_142,Web Attacks: SQL Injection,https://www.pluralsight.com/labs/aws/web-attacks-sql-injection,Gavin Johnson-Lynn,4.33,1.0,,1,200,
ps_143,SharePoint Framework Development with PnP,https://www.pluralsight.com/courses/sharepoint-framework-development-pnp,Nicolae Caprarescu,,1.3047222222222223,,2,,
ps_144,Cloud Foundry 6 for Developers,https://www.pluralsight.com/courses/cloud-foundry-developers,Richard Seroter,4.5,2.8622222222222224,,1,211,
ps_145,Outlook (on the Web) | People,https://www.pluralsight.com/courses/outlook-web-people,ClipTraining,,0.41222222222222227,,1,,
ps_146,Introduction to Sitefinity Development,https://www.pluralsight.com/courses/sitefinity-development-introduction,Lino Tadros,4.5,3.868055555555556,,2,117,
ps_147,Log Analysis: Web Applications,https://www.pluralsight.com/labs/aws/log-analysis-web-applications,Nick Stockhauser,4.36,0.9166666666666666,,1,22,
ps_148,Web Attacks: Command Injection,https://www.pluralsight.com/labs/aws/web-attacks-command-injection,Riley Kidd,4.15,1.0833333333333333,,1,34,
ps_149,Developing Packages in Flutter,https://www.pluralsight.com/courses/developing-packages-flutter,Miguel Beltran,,1.4305555555555556,,3,,
ps_150,Software Development: The Big Picture,https://www.pluralsight.com/courses/big-picture-software-development,Floyd May,4.6,1.3272222222222223,,1,42,
ps_151,Salesforce Platform Fundamentals for Developers,https://www.pluralsight.com/courses/salesforce-platform-fundamentals-developers,Mehdi Maujood,4.8,2.2869444444444444,,1,18,
ps_152,Arduino Playbook for Developers,https://www.pluralsight.com/courses/arduino-developers-playbook,Jon Flanders,4.6,0.8930555555555555,,1,10,
ps_153,macOS 10 Development Fundamentals,https://www.pluralsight.com/courses/macos-development-fundamentals,Corissa Jesseman,3.7,3.1122222222222224,,1,32,
ps_154,RESTful Web Services with PHP and Laravel 7,https://www.pluralsight.com/courses/php-laravel-restful-web-services,Max Schwarzmueller,4.5,3.117777777777778,,2,91,
ps_155,Oracle Cloud for Developers,https://www.pluralsight.com/courses/oracle-cloud-developers,Oracle,3.9,1.968888888888889,,2,17,
ps_156,From Developer to Security: Looking at Security from a Developer Lens,https://www.pluralsight.com/courses/devseccon24-security-developer-lens,DevSecCon,,0.6494444444444444,,2,,
ps_157,Using ES6 in Your Node.js Web Application,https://www.pluralsight.com/courses/nodejs-es6-web-apps,Jonathan Mills,4.4,1.74,,2,72,
ps_158,Getting Started With Application Development,https://www.pluralsight.com/courses/getting-started-application-development-11,Google Cloud,,2.4847222222222225,,2,,
ps_159,Crawling the Web with Python 3 and Scrapy 2,https://www.pluralsight.com/courses/crawling-web-python-scrapy,Ed Freitas,4.0,1.5127777777777778,,2,26,
ps_160,Alteryx Developer Tools Playbook,https://www.pluralsight.com/courses/alteryx-developer-tools-playbook,Adam Crahen,,2.3666666666666667,,3,,
ps_161,Salesforce Development: Getting Started,https://www.pluralsight.com/courses/getting-started-salesforce-development,Dan Appleman,4.3,1.3097222222222222,,1,64,
ps_162,Developing Teamwork Skills,https://www.pluralsight.com/courses/developing-teamwork-skills,Emily Luijbregts,4.5,0.7897222222222222,,1,82,
ps_163,Resource Development with GDB,https://www.pluralsight.com/courses/gdb-resource-development,Christopher Curry,,0.2897222222222222,,2,,
ps_164,Developing Project Schedules and Budgets,https://www.pluralsight.com/courses/project-schedules-budgets-developing,Casey Ayers,,3.693611111111111,,1,,
ps_165,Kanban Development with Jira Agile,https://www.pluralsight.com/courses/kanban-development-jira-agile,Xavier Morera,4.1,2.9575,,2,192,
ps_166,Developing React.js Apps with Docker,https://www.pluralsight.com/courses/reactjs-apps-docker-developing,Saravanan Dhandapani,4.4,1.8833333333333333,,2,37,
ps_167,Behavior-driven Development: Fundamentals,https://www.pluralsight.com/courses/behavior-driven-development-fundamentals,Kevin James,,1.9261111111111109,,2,,
ps_168,Excel Application Development with VBA,https://www.pluralsight.com/courses/excel-application-development-vba,Terry Bradbury,4.1,3.8630555555555555,,2,91,
ps_169,The AI Developer’s Toolkit,https://www.pluralsight.com/courses/ai-developers-toolkit?utm_source=google&utm_medium=paid-search&utm_campaign=upskilling-and-reskilling&utm_term=b2b-na-dynamic&gclid=cjwkcajwoqgnbhaceiwawk-okebkv0zgzoucohipwu7nwgfa3ubl1maj6mpcejfrozdsw6z4igg2ghocqfqqavd_bwe&exp=3,Matthew Renze,4.6,1.7355555555555555,,1,67,
ps_170,The AI Developer’s Toolkit,https://www.pluralsight.com/courses/ai-developers-toolkit,Matthew Renze,4.6,1.7355555555555555,,1,67,
ps_171,OpenAI: Prompt Engineering for Developers,https://www.pluralsight.com/courses/openai-prompt-engineering-developers,Ed Freitas,,0.6411111111111111,,1,,
ps_172,Developing Change Readiness Skills,https://www.pluralsight.com/courses/developing-change-readiness-skills,Doru Catana,4.9,1.2622222222222221,,2,18,
ps_173,Building a JavaScript Development Environment,https://www.pluralsight.com/courses/javascript-development-environment,Cory House,4.9,4.918333333333334,,1,738,
ps_174,Introduction to Leadership and Management for Developers,https://www.pluralsight.com/courses/introduction-leadership-management-developers,Dan Appleman,4.6,4.568888888888889,,2,639,
ps_175,Kubernetes for Developers: Moving to the Cloud,https://www.pluralsight.com/courses/kubernetes-developers-cloud-moving,Craig Golightly,,1.4144444444444444,,2,,
ps_176,Developing Diversity Intelligence,https://www.pluralsight.com/courses/developing-diversity-intelligence,Raina Kumra,3.3,0.3213888888888889,,2,11,
ps_177,Product Management: Customer Development,https://www.pluralsight.com/courses/product-management-customer-development,Justin Harris,,1.3269444444444445,,1,,
ps_178,ASP.NET Core 6 Web API: Best Practices,https://www.pluralsight.com/courses/aspdotnet-core-6-web-api-best-practices,Steve Smith,4.7,3.188333333333333,,3,96,
ps_179,XML Web Services in Jakarta EE 10,https://www.pluralsight.com/courses/jakarta-ee-10-xml-web-services,Jaya Bodkhey,,0.8427777777777778,,3,,
ps_180,Modern Web Layout with Flexbox and CSS Grid,https://www.pluralsight.com/courses/modern-web-layout-flexbox-css-grid,Brian Treese,4.8,1.1825,,2,446,
ps_181,Salesforce Development: User Interface,https://www.pluralsight.com/courses/salesforce-development-user-interface-cert,Adam Olshansky,,2.1641666666666666,,2,,
ps_182,Oracle Performance Tuning for Developers,https://www.pluralsight.com/courses/oracle-performance-tuning-developers,David Berry,4.7,7.029722222222222,,2,278,
ps_183,Adding Graphics to Web Pages Using Canvas and SVG,https://www.pluralsight.com/courses/adding-graphics-web-pages-using-canvas-svg,Mike Van Sickle,4.6,1.7030555555555555,,1,60,
ps_184,Scrum Development with Jira & JIRA Agile,https://www.pluralsight.com/courses/scrum-development-jira-agile,Xavier Morera,4.0,1.453611111111111,,2,886,
ps_185,Developing for Excel with VBA,https://www.pluralsight.com/courses/excel-vba-developing,Mike McQuillan,,2.6325,,1,,
ps_186,Using ChatGPT to Code a Full-stack Web Application,https://www.pluralsight.com/courses/chatgpt-code-full-stack-web-application,Amber Israelsen,4.8,0.9013888888888889,,1,34,
ps_187,Jakarta EE 10 Web Profile: Big Picture,https://www.pluralsight.com/courses/jakarta-ee-10-web-profile-big-picture,Richard Monson-Haefel,,0.9630555555555556,,1,,
ps_188,Raspberry Pi for Developers,https://www.pluralsight.com/courses/raspberry-pi-for-developers-2020,Jon Flanders,4.6,1.4741666666666668,,1,22,
ps_189,URL Rewrite for Developers,https://www.pluralsight.com/courses/url-rewrite-for-developers,Scott Forsyth,4.7,4.008055555555556,,2,83,
ps_190,Kotlin for Java Developers,https://www.pluralsight.com/courses/kotlin-java-developers,Andrejs Doronins,,2.3597222222222225,,2,,
ps_191,Angular 4 Security Using JSON Web Tokens,https://www.pluralsight.com/courses/angular-security-json-web-tokens,Paul D. Sheriff,4.7,2.8488888888888892,,2,131,
ps_192,Bootstrap 4 for the Developer,https://www.pluralsight.com/courses/bootstrap-4-developer,Mario Duilio Macari,3.4,4.099722222222222,,2,239,
ps_193,Getting Started with Salesforce Lightning Web Components,https://www.pluralsight.com/courses/salesforce-lightning-web-components-getting-started,Sara Morgan Nettles,,1.860277777777778,,2,,
ps_194,CCAI Virtual Agent Development in Dialogflow ES for Software Developers,https://www.pluralsight.com/courses/ccai-virtual-agent-development-dialogflow-es-software-developers,Google Cloud,,1.2830555555555554,,2,,
ps_195,Microsoft Azure Developer: Develop an App Service Logic App,https://www.pluralsight.com/courses/microsoft-azure-developer-develop-app-service-logic-app,James Millar,4.3,0.8041666666666667,,2,41,
ps_196,Scraping Your First Web Page with Python,https://www.pluralsight.com/courses/scraping-first-web-page-python,Janani Ravi,4.3,2.6616666666666666,,1,39,
ps_197,AWS Development Tools Services Overview,https://www.pluralsight.com/courses/aws-development-tools-services-overview,AWS,,0.09,,1,,
ps_198,Building Progressive Web Apps with the App Shell Model,https://www.pluralsight.com/courses/progressive-web-apps-app-shell-model,Nik Molnar,4.3,1.7525,,2,10,
